# t, l_px[0], l_py[0], l_vx[0], l_vy[0], l_px[1], l_py[1], l_vx[1], l_vy[1], l_aps[0], l_aps[1]
0.000000000000000000e+00,-5.000000000000000000e-01,0.000000000000000000e+00,0.000000000000000000e+00,-7.745966692414826582e+01,5.000000000000000000e-01,0.000000000000000000e+00,0.000000000000000000e+00,7.745966692414826582e+01,1.000000000000000083e-30,1.000000000000000083e-30
5.236650896374545061e-01,-5.000000000000000000e-01,-5.624998456010940062e-01,-4.322611351305763886e-16,-7.745814107244476077e+01,5.000000000000000000e-01,5.624998456010940062e-01,-5.022094655628348294e-16,7.745814107244476077e+01,1.000000000000000083e-30,1.000000000000000083e-30
